lat,lon,pm25_annual,side
22.905000686645508,72.40499877929688,54.14166259765625,West
22.905000686645508,72.41500091552734,55.80833053588867,West
22.905000686645508,72.42500305175781,56.80833435058594,West
22.905000686645508,72.43499755859375,56.30833053588867,West
22.905000686645508,72.44499969482422,54.74166488647461,West
22.905000686645508,72.45500183105469,53.125,West
22.905000686645508,72.46499633789062,52.25,West
22.905000686645508,72.4749984741211,52.44166564941406,West
22.905000686645508,72.48500061035156,52.4083366394043,West
22.905000686645508,72.49500274658203,51.241668701171875,West
22.905000686645508,72.50499725341797,51.04166793823242,West
22.905000686645508,72.51499938964844,51.4666633605957,West
22.905000686645508,72.5250015258789,52.508331298828125,West
22.905000686645508,72.53500366210938,53.63334274291992,West
22.905000686645508,72.54499816894531,54.52499771118164,West
22.905000686645508,72.55500030517578,54.89167404174805,West
22.905000686645508,72.56500244140625,55.05833435058594,West
22.905000686645508,72.57499694824219,55.35000228881836,East
22.905000686645508,72.58499908447266,56.391666412353516,East
22.905000686645508,72.59500122070312,56.0,East
22.905000686645508,72.6050033569336,54.60833740234375,East
22.905000686645508,72.61499786376953,53.41666793823242,East
22.905000686645508,72.625,52.54999923706055,East
22.905000686645508,72.63500213623047,51.66666793823242,East
22.905000686645508,72.6449966430664,51.2833366394043,East
22.905000686645508,72.65499877929688,50.81666564941406,East
22.905000686645508,72.66500091552734,51.19166564941406,East
22.905000686645508,72.67500305175781,51.20833969116211,East
22.905000686645508,72.68499755859375,50.516666412353516,East
22.905000686645508,72.69499969482422,49.67500305175781,East
22.905000686645508,72.70500183105469,48.74166488647461,East
22.905000686645508,72.71499633789062,48.45000076293945,East
22.905000686645508,72.7249984741211,48.591670989990234,East
22.905000686645508,72.73500061035156,48.56666564941406,East
22.905000686645508,72.74500274658203,47.9666633605957,East
22.915000915527344,72.40499877929688,53.79166793823242,West
22.915000915527344,72.41500091552734,56.01667404174805,West
22.915000915527344,72.42500305175781,58.016666412353516,West
22.915000915527344,72.43499755859375,58.79166793823242,West
22.915000915527344,72.44499969482422,57.19166946411133,West
22.915000915527344,72.45500183105469,54.69166564941406,West
22.915000915527344,72.46499633789062,52.70833969116211,West
22.915000915527344,72.4749984741211,52.366668701171875,West
22.915000915527344,72.48500061035156,52.408329010009766,West
22.915000915527344,72.49500274658203,51.68333053588867,West
22.915000915527344,72.50499725341797,51.04166793823242,West
22.915000915527344,72.51499938964844,51.60000228881836,West
22.915000915527344,72.5250015258789,52.82499694824219,West
22.915000915527344,72.53500366210938,54.10000228881836,West
22.915000915527344,72.54499816894531,55.20833206176758,West
22.915000915527344,72.55500030517578,55.32500076293945,West
22.915000915527344,72.56500244140625,54.92499923706055,West
22.915000915527344,72.57499694824219,55.23332595825195,East
22.915000915527344,72.58499908447266,55.6583251953125,East
22.915000915527344,72.59500122070312,55.69999694824219,East
22.915000915527344,72.6050033569336,54.17499923706055,East
22.915000915527344,72.61499786376953,52.55000305175781,East
22.915000915527344,72.625,51.55833435058594,East
22.915000915527344,72.63500213623047,51.383331298828125,East
22.915000915527344,72.6449966430664,51.033329010009766,East
22.915000915527344,72.65499877929688,50.983333587646484,East
22.915000915527344,72.66500091552734,50.56666946411133,East
22.915000915527344,72.67500305175781,50.02499771118164,East
22.915000915527344,72.68499755859375,49.466670989990234,East
22.915000915527344,72.69499969482422,48.98333740234375,East
22.915000915527344,72.70500183105469,48.81666946411133,East
22.915000915527344,72.71499633789062,48.70000076293945,East
22.915000915527344,72.7249984741211,48.6583366394043,East
22.915000915527344,72.73500061035156,48.02499771118164,East
22.915000915527344,72.74500274658203,47.658329010009766,East
22.924999237060547,72.40499877929688,53.81666946411133,West
22.924999237060547,72.41500091552734,55.991668701171875,West
22.924999237060547,72.42500305175781,58.383331298828125,West
22.924999237060547,72.43499755859375,60.2166633605957,West
22.924999237060547,72.44499969482422,58.991668701171875,West
22.924999237060547,72.45500183105469,56.93333435058594,West
22.924999237060547,72.46499633789062,54.20000076293945,West
22.924999237060547,72.4749984741211,52.783329010009766,West
22.924999237060547,72.48500061035156,53.02500534057617,West
22.924999237060547,72.49500274658203,52.766666412353516,West
22.924999237060547,72.50499725341797,51.8416633605957,West
22.924999237060547,72.51499938964844,51.83332824707031,West
22.924999237060547,72.5250015258789,53.0583381652832,West
22.924999237060547,72.53500366210938,54.60000228881836,West
22.924999237060547,72.54499816894531,55.5333366394043,West
22.924999237060547,72.55500030517578,55.41666793823242,West
22.924999237060547,72.56500244140625,54.85000228881836,West
22.924999237060547,72.57499694824219,54.81666564941406,East
22.924999237060547,72.58499908447266,54.85000228881836,East
22.924999237060547,72.59500122070312,55.39999771118164,East
22.924999237060547,72.6050033569336,54.58332824707031,East
22.924999237060547,72.61499786376953,52.67499923706055,East
22.924999237060547,72.625,51.591670989990234,East
22.924999237060547,72.63500213623047,51.5333366394043,East
22.924999237060547,72.6449966430664,51.20000076293945,East
22.924999237060547,72.65499877929688,51.06666564941406,East
22.924999237060547,72.66500091552734,50.533329010009766,East
22.924999237060547,72.67500305175781,49.89166259765625,East
22.924999237060547,72.68499755859375,48.83333206176758,East
22.924999237060547,72.69499969482422,48.20832824707031,East
22.924999237060547,72.70500183105469,47.874996185302734,East
22.924999237060547,72.71499633789062,47.999996185302734,East
22.924999237060547,72.7249984741211,47.81666946411133,East
22.924999237060547,72.73500061035156,47.725006103515625,East
22.924999237060547,72.74500274658203,47.45833206176758,East
22.934999465942383,72.40499877929688,53.70833206176758,West
22.934999465942383,72.41500091552734,54.716670989990234,West
22.934999465942383,72.42500305175781,56.32500076293945,West
22.934999465942383,72.43499755859375,58.14167404174805,West
22.934999465942383,72.44499969482422,59.19166946411133,West
22.934999465942383,72.45500183105469,58.8416633605957,West
22.934999465942383,72.46499633789062,56.016666412353516,West
22.934999465942383,72.4749984741211,54.2833366394043,West
22.934999465942383,72.48500061035156,53.516666412353516,West
22.934999465942383,72.49500274658203,53.43333435058594,West
22.934999465942383,72.50499725341797,53.25,West
22.934999465942383,72.51499938964844,52.82499694824219,West
22.934999465942383,72.5250015258789,53.08333206176758,West
22.934999465942383,72.53500366210938,54.29999923706055,West
22.934999465942383,72.54499816894531,54.92500305175781,West
22.934999465942383,72.55500030517578,55.05000305175781,West
22.934999465942383,72.56500244140625,54.66666793823242,West
22.934999465942383,72.57499694824219,55.29999923706055,East
22.934999465942383,72.58499908447266,56.47499465942383,East
22.934999465942383,72.59500122070312,56.76667404174805,East
22.934999465942383,72.6050033569336,56.56666564941406,East
22.934999465942383,72.61499786376953,53.79166793823242,East
22.934999465942383,72.625,52.43333435058594,East
22.934999465942383,72.63500213623047,52.07499694824219,East
22.934999465942383,72.6449966430664,52.19166564941406,East
22.934999465942383,72.65499877929688,51.77500534057617,East
22.934999465942383,72.66500091552734,50.77500534057617,East
22.934999465942383,72.67500305175781,49.75833511352539,East
22.934999465942383,72.68499755859375,48.783329010009766,East
22.934999465942383,72.69499969482422,48.16666793823242,East
22.934999465942383,72.70500183105469,47.89999771118164,East
22.934999465942383,72.71499633789062,47.55833053588867,East
22.934999465942383,72.7249984741211,47.04999923706055,East
22.934999465942383,72.73500061035156,47.266666412353516,East
22.934999465942383,72.74500274658203,47.30000305175781,East
22.94499969482422,72.40499877929688,54.30833435058594,West
22.94499969482422,72.41500091552734,54.591670989990234,West
22.94499969482422,72.42500305175781,55.233333587646484,West
22.94499969482422,72.43499755859375,56.63333511352539,West
22.94499969482422,72.44499969482422,58.80000305175781,West
22.94499969482422,72.45500183105469,59.43333053588867,West
22.94499969482422,72.46499633789062,58.016666412353516,West
22.94499969482422,72.4749984741211,55.625,West
22.94499969482422,72.48500061035156,54.616668701171875,West
22.94499969482422,72.49500274658203,54.05833053588867,West
22.94499969482422,72.50499725341797,54.125,West
22.94499969482422,72.51499938964844,53.73332595825195,West
22.94499969482422,72.5250015258789,53.49166488647461,West
22.94499969482422,72.53500366210938,53.98333740234375,West
22.94499969482422,72.54499816894531,54.766666412353516,West
22.94499969482422,72.55500030517578,54.81666946411133,West
22.94499969482422,72.56500244140625,55.125,West
22.94499969482422,72.57499694824219,56.408329010009766,East
22.94499969482422,72.58499908447266,58.30833435058594,East
22.94499969482422,72.59500122070312,59.366668701171875,East
22.94499969482422,72.6050033569336,60.05000305175781,East
22.94499969482422,72.61499786376953,59.50833511352539,East
22.94499969482422,72.625,54.31666564941406,East
22.94499969482422,72.63500213623047,52.75833511352539,East
22.94499969482422,72.6449966430664,51.98333740234375,East
22.94499969482422,72.65499877929688,51.86666488647461,East
22.94499969482422,72.66500091552734,51.26667404174805,East
22.94499969482422,72.67500305175781,50.02499771118164,East
22.94499969482422,72.68499755859375,49.19166946411133,East
22.94499969482422,72.69499969482422,48.85000228881836,East
22.94499969482422,72.70500183105469,49.008331298828125,East
22.94499969482422,72.71499633789062,48.68333053588867,East
22.94499969482422,72.7249984741211,48.42500305175781,East
22.94499969482422,72.73500061035156,47.54999923706055,East
22.94499969482422,72.74500274658203,47.61666488647461,East
22.954999923706055,72.40499877929688,53.91666793823242,West
22.954999923706055,72.41500091552734,54.391666412353516,West
22.954999923706055,72.42500305175781,54.0916633605957,West
22.954999923706055,72.43499755859375,54.06666564941406,West
22.954999923706055,72.44499969482422,55.06666564941406,West
22.954999923706055,72.45500183105469,56.283329010009766,West
22.954999923706055,72.46499633789062,56.91666793823242,West
22.954999923706055,72.4749984741211,56.94999694824219,West
22.954999923706055,72.48500061035156,56.216670989990234,West
22.954999923706055,72.49500274658203,55.36666488647461,West
22.954999923706055,72.50499725341797,55.05833053588867,West
22.954999923706055,72.51499938964844,54.766666412353516,West
22.954999923706055,72.5250015258789,54.61666488647461,West
22.954999923706055,72.53500366210938,54.48333740234375,West
22.954999923706055,72.54499816894531,55.241668701171875,West
22.954999923706055,72.55500030517578,55.60833740234375,West
22.954999923706055,72.56500244140625,56.35000228881836,West
22.954999923706055,72.57499694824219,58.033329010009766,East
22.954999923706055,72.58499908447266,60.6916618347168,East
22.954999923706055,72.59500122070312,61.891666412353516,East
22.954999923706055,72.6050033569336,61.858333587646484,East
22.954999923706055,72.61499786376953,61.29166793823242,East
22.954999923706055,72.625,58.25,East
22.954999923706055,72.63500213623047,54.241668701171875,East
22.954999923706055,72.6449966430664,51.60000228881836,East
22.954999923706055,72.65499877929688,51.766666412353516,East
22.954999923706055,72.66500091552734,50.88333511352539,East
22.954999923706055,72.67500305175781,49.59999465942383,East
22.954999923706055,72.68499755859375,49.05833435058594,East
22.954999923706055,72.69499969482422,48.77499771118164,East
22.954999923706055,72.70500183105469,49.09999465942383,East
22.954999923706055,72.71499633789062,49.516666412353516,East
22.954999923706055,72.7249984741211,49.30833435058594,East
22.954999923706055,72.73500061035156,49.1583366394043,East
22.954999923706055,72.74500274658203,48.6583366394043,East
22.96500015258789,72.40499877929688,52.25,West
22.96500015258789,72.41500091552734,52.58332824707031,West
22.96500015258789,72.42500305175781,52.42500305175781,West
22.96500015258789,72.43499755859375,52.47500228881836,West
22.96500015258789,72.44499969482422,52.80833435058594,West
22.96500015258789,72.45500183105469,54.30833053588867,West
22.96500015258789,72.46499633789062,55.58333206176758,West
22.96500015258789,72.4749984741211,56.44166946411133,West
22.96500015258789,72.48500061035156,57.04166793823242,West
22.96500015258789,72.49500274658203,57.266666412353516,West
22.96500015258789,72.50499725341797,57.233333587646484,West
22.96500015258789,72.51499938964844,56.57500076293945,West
22.96500015258789,72.5250015258789,55.9083366394043,West
22.96500015258789,72.53500366210938,55.98333740234375,West
22.96500015258789,72.54499816894531,56.84999465942383,West
22.96500015258789,72.55500030517578,58.424991607666016,West
22.96500015258789,72.56500244140625,58.81666564941406,West
22.96500015258789,72.57499694824219,58.883331298828125,East
22.96500015258789,72.58499908447266,59.90000534057617,East
22.96500015258789,72.59500122070312,61.67499923706055,East
22.96500015258789,72.6050033569336,61.25,East
22.96500015258789,72.61499786376953,59.8416633605957,East
22.96500015258789,72.625,58.14166259765625,East
22.96500015258789,72.63500213623047,54.266666412353516,East
22.96500015258789,72.6449966430664,51.60833740234375,East
22.96500015258789,72.65499877929688,50.83333969116211,East
22.96500015258789,72.66500091552734,50.49166488647461,East
22.96500015258789,72.67500305175781,49.483333587646484,East
22.96500015258789,72.68499755859375,48.72500228881836,East
22.96500015258789,72.69499969482422,48.391666412353516,East
22.96500015258789,72.70500183105469,48.79166793823242,East
22.96500015258789,72.71499633789062,49.5916633605957,East
22.96500015258789,72.7249984741211,50.30833435058594,East
22.96500015258789,72.73500061035156,49.75833511352539,East
22.96500015258789,72.74500274658203,48.83333969116211,East
22.975000381469727,72.40499877929688,50.733333587646484,West
22.975000381469727,72.41500091552734,50.966670989990234,West
22.975000381469727,72.42500305175781,51.14166259765625,West
22.975000381469727,72.43499755859375,51.95000076293945,West
22.975000381469727,72.44499969482422,53.5,West
22.975000381469727,72.45500183105469,54.54999923706055,West
22.975000381469727,72.46499633789062,54.841670989990234,West
22.975000381469727,72.4749984741211,54.9666633605957,West
22.975000381469727,72.48500061035156,56.69999694824219,West
22.975000381469727,72.49500274658203,58.64166259765625,West
22.975000381469727,72.50499725341797,59.508331298828125,West
22.975000381469727,72.51499938964844,58.91666793823242,West
22.975000381469727,72.5250015258789,58.41666793823242,West
22.975000381469727,72.53500366210938,57.4083366394043,West
22.975000381469727,72.54499816894531,58.36667251586914,West
22.975000381469727,72.55500030517578,60.283329010009766,West
22.975000381469727,72.56500244140625,60.983333587646484,West
22.975000381469727,72.57499694824219,59.70000076293945,East
22.975000381469727,72.58499908447266,58.95833206176758,East
22.975000381469727,72.59500122070312,60.85833740234375,East
22.975000381469727,72.6050033569336,59.783329010009766,East
22.975000381469727,72.61499786376953,58.75,East
22.975000381469727,72.625,57.758331298828125,East
22.975000381469727,72.63500213623047,56.25833511352539,East
22.975000381469727,72.6449966430664,53.16666793823242,East
22.975000381469727,72.65499877929688,51.08333206176758,East
22.975000381469727,72.66500091552734,50.30000305175781,East
22.975000381469727,72.67500305175781,49.875,East
22.975000381469727,72.68499755859375,48.95833206176758,East
22.975000381469727,72.69499969482422,48.64999771118164,East
22.975000381469727,72.70500183105469,48.608333587646484,East
22.975000381469727,72.71499633789062,49.58333206176758,East
22.975000381469727,72.7249984741211,50.57500076293945,East
22.975000381469727,72.73500061035156,50.30000305175781,East
22.975000381469727,72.74500274658203,48.783329010009766,East
22.985000610351562,72.40499877929688,50.66666793823242,West
22.985000610351562,72.41500091552734,50.625,West
22.985000610351562,72.42500305175781,51.45833206176758,West
22.985000610351562,72.43499755859375,52.17499923706055,West
22.985000610351562,72.44499969482422,54.008331298828125,West
22.985000610351562,72.45500183105469,55.5333366394043,West
22.985000610351562,72.46499633789062,56.07499694824219,West
22.985000610351562,72.4749984741211,54.83333206176758,West
22.985000610351562,72.48500061035156,55.94166564941406,West
22.985000610351562,72.49500274658203,58.483333587646484,West
22.985000610351562,72.50499725341797,60.30833053588867,West
22.985000610351562,72.51499938964844,60.358333587646484,West
22.985000610351562,72.5250015258789,59.44999694824219,West
22.985000610351562,72.53500366210938,58.95000076293945,West
22.985000610351562,72.54499816894531,58.9666633605957,West
22.985000610351562,72.55500030517578,59.991668701171875,West
22.985000610351562,72.56500244140625,60.883331298828125,West
22.985000610351562,72.57499694824219,59.85833740234375,East
22.985000610351562,72.58499908447266,59.45833206176758,East
22.985000610351562,72.59500122070312,59.5333366394043,East
22.985000610351562,72.6050033569336,59.18333435058594,East
22.985000610351562,72.61499786376953,58.45833969116211,East
22.985000610351562,72.625,58.22500228881836,East
22.985000610351562,72.63500213623047,58.20833206176758,East
22.985000610351562,72.6449966430664,56.63333511352539,East
22.985000610351562,72.65499877929688,53.241668701171875,East
22.985000610351562,72.66500091552734,51.81666564941406,East
22.985000610351562,72.67500305175781,50.45833969116211,East
22.985000610351562,72.68499755859375,49.03334045410156,East
22.985000610351562,72.69499969482422,48.56666564941406,East
22.985000610351562,72.70500183105469,48.27500534057617,East
22.985000610351562,72.71499633789062,49.233333587646484,East
22.985000610351562,72.7249984741211,50.29166793823242,East
22.985000610351562,72.73500061035156,50.16666793823242,East
22.985000610351562,72.74500274658203,48.80833435058594,East
22.9950008392334,72.40499877929688,50.63333511352539,West
22.9950008392334,72.41500091552734,50.516666412353516,West
22.9950008392334,72.42500305175781,50.983333587646484,West
22.9950008392334,72.43499755859375,52.2833366394043,West
22.9950008392334,72.44499969482422,53.625,West
22.9950008392334,72.45500183105469,55.04167175292969,West
22.9950008392334,72.46499633789062,55.31666564941406,West
22.9950008392334,72.4749984741211,55.0583381652832,West
22.9950008392334,72.48500061035156,55.39999771118164,West
22.9950008392334,72.49500274658203,57.4416618347168,West
22.9950008392334,72.50499725341797,59.4666633605957,West
22.9950008392334,72.51499938964844,60.18333435058594,West
22.9950008392334,72.5250015258789,59.85833740234375,West
22.9950008392334,72.53500366210938,60.374996185302734,West
22.9950008392334,72.54499816894531,59.47500228881836,West
22.9950008392334,72.55500030517578,58.141666412353516,West
22.9950008392334,72.56500244140625,58.41667175292969,West
22.9950008392334,72.57499694824219,58.20832824707031,East
22.9950008392334,72.58499908447266,57.82500076293945,East
22.9950008392334,72.59500122070312,57.29166793823242,East
22.9950008392334,72.6050033569336,57.97500228881836,East
22.9950008392334,72.61499786376953,58.04166793823242,East
22.9950008392334,72.625,58.20000076293945,East
22.9950008392334,72.63500213623047,58.5,East
22.9950008392334,72.6449966430664,57.99166488647461,East
22.9950008392334,72.65499877929688,54.81666946411133,East
22.9950008392334,72.66500091552734,52.22500228881836,East
22.9950008392334,72.67500305175781,51.0916633605957,East
22.9950008392334,72.68499755859375,49.374996185302734,East
22.9950008392334,72.69499969482422,48.591670989990234,East
22.9950008392334,72.70500183105469,48.2833366394043,East
22.9950008392334,72.71499633789062,48.7833366394043,East
22.9950008392334,72.7249984741211,49.39999771118164,East
22.9950008392334,72.73500061035156,49.29999923706055,East
22.9950008392334,72.74500274658203,48.008331298828125,East
23.0049991607666,72.40499877929688,49.866668701171875,West
23.0049991607666,72.41500091552734,49.41666793823242,West
23.0049991607666,72.42500305175781,50.116668701171875,West
23.0049991607666,72.43499755859375,51.81666564941406,West
23.0049991607666,72.44499969482422,54.391666412353516,West
23.0049991607666,72.45500183105469,55.88333511352539,West
23.0049991607666,72.46499633789062,56.241668701171875,West
23.0049991607666,72.4749984741211,56.366668701171875,West
23.0049991607666,72.48500061035156,57.0333366394043,West
23.0049991607666,72.49500274658203,58.341670989990234,West
23.0049991607666,72.50499725341797,59.008331298828125,West
23.0049991607666,72.51499938964844,57.85000228881836,West
23.0049991607666,72.5250015258789,59.500003814697266,West
23.0049991607666,72.53500366210938,59.6916618347168,West
23.0049991607666,72.54499816894531,58.92499923706055,West
23.0049991607666,72.55500030517578,56.75,West
23.0049991607666,72.56500244140625,55.83333969116211,West
23.0049991607666,72.57499694824219,55.516666412353516,East
23.0049991607666,72.58499908447266,56.42499923706055,East
23.0049991607666,72.59500122070312,56.75,East
23.0049991607666,72.6050033569336,55.391666412353516,East
23.0049991607666,72.61499786376953,55.10832595825195,East
23.0049991607666,72.625,55.649993896484375,East
23.0049991607666,72.63500213623047,57.091670989990234,East
23.0049991607666,72.6449966430664,56.68333435058594,East
23.0049991607666,72.65499877929688,55.5333366394043,East
23.0049991607666,72.66500091552734,52.408329010009766,East
23.0049991607666,72.67500305175781,51.983333587646484,East
23.0049991607666,72.68499755859375,50.59999465942383,East
23.0049991607666,72.69499969482422,49.141666412353516,East
23.0049991607666,72.70500183105469,48.391666412353516,East
23.0049991607666,72.71499633789062,48.44166564941406,East
23.0049991607666,72.7249984741211,48.88333511352539,East
23.0049991607666,72.73500061035156,48.516666412353516,East
23.0049991607666,72.74500274658203,48.54166793823242,East
23.014999389648438,72.40499877929688,49.875,West
23.014999389648438,72.41500091552734,49.491668701171875,West
23.014999389648438,72.42500305175781,49.72500228881836,West
23.014999389648438,72.43499755859375,51.50833511352539,West
23.014999389648438,72.44499969482422,55.125,West
23.014999389648438,72.45500183105469,57.92499923706055,West
23.014999389648438,72.46499633789062,58.991668701171875,West
23.014999389648438,72.4749984741211,59.42500305175781,West
23.014999389648438,72.48500061035156,59.52499771118164,West
23.014999389648438,72.49500274658203,59.73333740234375,West
23.014999389648438,72.50499725341797,58.141666412353516,West
23.014999389648438,72.51499938964844,56.92500305175781,West
23.014999389648438,72.5250015258789,57.8416633605957,West
23.014999389648438,72.53500366210938,57.9666633605957,West
23.014999389648438,72.54499816894531,57.69999694824219,West
23.014999389648438,72.55500030517578,56.55000305175781,West
23.014999389648438,72.56500244140625,55.22499465942383,West
23.014999389648438,72.57499694824219,54.47500228881836,East
23.014999389648438,72.58499908447266,54.47500228881836,East
23.014999389648438,72.59500122070312,54.95000076293945,East
23.014999389648438,72.6050033569336,55.08333206176758,East
23.014999389648438,72.61499786376953,54.69166946411133,East
23.014999389648438,72.625,54.41666793823242,East
23.014999389648438,72.63500213623047,55.70833206176758,East
23.014999389648438,72.6449966430664,55.7833366394043,East
23.014999389648438,72.65499877929688,55.508331298828125,East
23.014999389648438,72.66500091552734,52.641666412353516,East
23.014999389648438,72.67500305175781,51.43333435058594,East
23.014999389648438,72.68499755859375,51.05833435058594,East
23.014999389648438,72.69499969482422,49.81666946411133,East
23.014999389648438,72.70500183105469,48.69999694824219,East
23.014999389648438,72.71499633789062,48.23332595825195,East
23.014999389648438,72.7249984741211,48.44999694824219,East
23.014999389648438,72.73500061035156,48.85000228881836,East
23.014999389648438,72.74500274658203,49.07499694824219,East
23.024999618530273,72.40499877929688,50.250003814697266,West
23.024999618530273,72.41500091552734,50.07500076293945,West
23.024999618530273,72.42500305175781,50.02500534057617,West
23.024999618530273,72.43499755859375,51.98332595825195,West
23.024999618530273,72.44499969482422,55.3416633605957,West
23.024999618530273,72.45500183105469,58.3416633605957,West
23.024999618530273,72.46499633789062,60.91666793823242,West
23.024999618530273,72.4749984741211,62.54166793823242,West
23.024999618530273,72.48500061035156,62.77500534057617,West
23.024999618530273,72.49500274658203,60.49165725708008,West
23.024999618530273,72.50499725341797,59.57500076293945,West
23.024999618530273,72.51499938964844,57.2833366394043,West
23.024999618530273,72.5250015258789,56.67499923706055,West
23.024999618530273,72.53500366210938,56.34999465942383,West
23.024999618530273,72.54499816894531,56.50834274291992,West
23.024999618530273,72.55500030517578,55.57500076293945,West
23.024999618530273,72.56500244140625,54.358333587646484,West
23.024999618530273,72.57499694824219,53.68333435058594,East
23.024999618530273,72.58499908447266,53.58333206176758,East
23.024999618530273,72.59500122070312,54.36666488647461,East
23.024999618530273,72.6050033569336,54.52499771118164,East
23.024999618530273,72.61499786376953,54.69999694824219,East
23.024999618530273,72.625,55.25,East
23.024999618530273,72.63500213623047,56.11667251586914,East
23.024999618530273,72.6449966430664,56.04166793823242,East
23.024999618530273,72.65499877929688,55.70833206176758,East
23.024999618530273,72.66500091552734,53.483333587646484,East
23.024999618530273,72.67500305175781,50.125,East
23.024999618530273,72.68499755859375,50.6583366394043,East
23.024999618530273,72.69499969482422,50.18333435058594,East
23.024999618530273,72.70500183105469,49.0,East
23.024999618530273,72.71499633789062,47.91666793823242,East
23.024999618530273,72.7249984741211,47.716670989990234,East
23.024999618530273,72.73500061035156,47.94999694824219,East
23.024999618530273,72.74500274658203,48.641666412353516,East
23.03499984741211,72.40499877929688,50.78334045410156,West
23.03499984741211,72.41500091552734,50.3083381652832,West
23.03499984741211,72.42500305175781,50.19167709350586,West
23.03499984741211,72.43499755859375,51.5916633605957,West
23.03499984741211,72.44499969482422,55.40000534057617,West
23.03499984741211,72.45500183105469,58.82499694824219,West
23.03499984741211,72.46499633789062,61.92500305175781,West
23.03499984741211,72.4749984741211,63.56666946411133,West
23.03499984741211,72.48500061035156,63.25,West
23.03499984741211,72.49500274658203,62.73333740234375,West
23.03499984741211,72.50499725341797,60.741668701171875,West
23.03499984741211,72.51499938964844,57.69999694824219,West
23.03499984741211,72.5250015258789,56.70000076293945,West
23.03499984741211,72.53500366210938,57.25,West
23.03499984741211,72.54499816894531,57.5916633605957,West
23.03499984741211,72.55500030517578,56.70833206176758,West
23.03499984741211,72.56500244140625,54.30833435058594,West
23.03499984741211,72.57499694824219,53.44166564941406,East
23.03499984741211,72.58499908447266,53.48333740234375,East
23.03499984741211,72.59500122070312,54.33332824707031,East
23.03499984741211,72.6050033569336,54.96665954589844,East
23.03499984741211,72.61499786376953,55.4083366394043,East
23.03499984741211,72.625,56.04166030883789,East
23.03499984741211,72.63500213623047,56.42499923706055,East
23.03499984741211,72.6449966430664,56.19999694824219,East
23.03499984741211,72.65499877929688,56.45000076293945,East
23.03499984741211,72.66500091552734,54.9083366394043,East
23.03499984741211,72.67500305175781,50.858333587646484,East
23.03499984741211,72.68499755859375,49.249996185302734,East
23.03499984741211,72.69499969482422,48.66667175292969,East
23.03499984741211,72.70500183105469,48.9666633605957,East
23.03499984741211,72.71499633789062,47.97500228881836,East
23.03499984741211,72.7249984741211,47.4083366394043,East
23.03499984741211,72.73500061035156,46.858333587646484,East
23.03499984741211,72.74500274658203,47.26667404174805,East
23.045000076293945,72.40499877929688,50.866668701171875,West
23.045000076293945,72.41500091552734,50.10000228881836,West
23.045000076293945,72.42500305175781,49.69999694824219,West
23.045000076293945,72.43499755859375,50.95000076293945,West
23.045000076293945,72.44499969482422,54.16666793823242,West
23.045000076293945,72.45500183105469,58.783329010009766,West
23.045000076293945,72.46499633789062,60.8416633605957,West
23.045000076293945,72.4749984741211,61.44166564941406,West
23.045000076293945,72.48500061035156,61.266666412353516,West
23.045000076293945,72.49500274658203,61.06666564941406,West
23.045000076293945,72.50499725341797,60.33333206176758,West
23.045000076293945,72.51499938964844,58.77499771118164,West
23.045000076293945,72.5250015258789,58.11666488647461,West
23.045000076293945,72.53500366210938,58.70833969116211,West
23.045000076293945,72.54499816894531,58.50833511352539,West
23.045000076293945,72.55500030517578,57.14166259765625,West
23.045000076293945,72.56500244140625,55.08333206176758,West
23.045000076293945,72.57499694824219,53.95833969116211,East
23.045000076293945,72.58499908447266,53.86666488647461,East
23.045000076293945,72.59500122070312,54.891666412353516,East
23.045000076293945,72.6050033569336,55.883331298828125,East
23.045000076293945,72.61499786376953,56.71665954589844,East
23.045000076293945,72.625,57.491668701171875,East
23.045000076293945,72.63500213623047,57.116668701171875,East
23.045000076293945,72.6449966430664,56.24166488647461,East
23.045000076293945,72.65499877929688,55.891666412353516,East
23.045000076293945,72.66500091552734,55.52499771118164,East
23.045000076293945,72.67500305175781,53.04999923706055,East
23.045000076293945,72.68499755859375,50.6583366394043,East
23.045000076293945,72.69499969482422,49.95000076293945,East
23.045000076293945,72.70500183105469,48.91667175292969,East
23.045000076293945,72.71499633789062,48.0,East
23.045000076293945,72.7249984741211,46.77499771118164,East
23.045000076293945,72.73500061035156,45.91666793823242,East
23.045000076293945,72.74500274658203,45.9333381652832,East
23.05500030517578,72.40499877929688,49.95833206176758,West
23.05500030517578,72.41500091552734,49.133331298828125,West
23.05500030517578,72.42500305175781,48.48333740234375,West
23.05500030517578,72.43499755859375,48.91666793823242,West
23.05500030517578,72.44499969482422,50.700008392333984,West
23.05500030517578,72.45500183105469,54.55833435058594,West
23.05500030517578,72.46499633789062,57.491668701171875,West
23.05500030517578,72.4749984741211,58.25,West
23.05500030517578,72.48500061035156,58.01666259765625,West
23.05500030517578,72.49500274658203,57.69999694824219,West
23.05500030517578,72.50499725341797,59.67499923706055,West
23.05500030517578,72.51499938964844,59.341670989990234,West
23.05500030517578,72.5250015258789,57.391666412353516,West
23.05500030517578,72.53500366210938,57.733333587646484,West
23.05500030517578,72.54499816894531,58.18333053588867,West
23.05500030517578,72.55500030517578,57.45000076293945,West
23.05500030517578,72.56500244140625,55.6583251953125,West
23.05500030517578,72.57499694824219,54.88333511352539,East
23.05500030517578,72.58499908447266,54.66666793823242,East
23.05500030517578,72.59500122070312,54.5,East
23.05500030517578,72.6050033569336,55.58333206176758,East
23.05500030517578,72.61499786376953,56.25,East
23.05500030517578,72.625,56.82500076293945,East
23.05500030517578,72.63500213623047,57.29167175292969,East
23.05500030517578,72.6449966430664,57.18333435058594,East
23.05500030517578,72.65499877929688,55.4083366394043,East
23.05500030517578,72.66500091552734,55.866668701171875,East
23.05500030517578,72.67500305175781,55.875,East
23.05500030517578,72.68499755859375,52.29166793823242,East
23.05500030517578,72.69499969482422,49.5,East
23.05500030517578,72.70500183105469,48.0916633605957,East
23.05500030517578,72.71499633789062,47.391666412353516,East
23.05500030517578,72.7249984741211,46.45000076293945,East
23.05500030517578,72.73500061035156,45.35833740234375,East
23.05500030517578,72.74500274658203,45.67500305175781,East
23.065000534057617,72.40499877929688,49.36666488647461,West
23.065000534057617,72.41500091552734,48.75833511352539,West
23.065000534057617,72.42500305175781,47.95833206176758,West
23.065000534057617,72.43499755859375,47.858333587646484,West
23.065000534057617,72.44499969482422,48.70833206176758,West
23.065000534057617,72.45500183105469,50.69166564941406,West
23.065000534057617,72.46499633789062,53.18333435058594,West
23.065000534057617,72.4749984741211,55.108333587646484,West
23.065000534057617,72.48500061035156,55.641666412353516,West
23.065000534057617,72.49500274658203,56.22500228881836,West
23.065000534057617,72.50499725341797,58.22500228881836,West
23.065000534057617,72.51499938964844,59.63333511352539,West
23.065000534057617,72.5250015258789,59.08333206176758,West
23.065000534057617,72.53500366210938,58.516666412353516,West
23.065000534057617,72.54499816894531,58.125003814697266,West
23.065000534057617,72.55500030517578,58.27499771118164,West
23.065000534057617,72.56500244140625,56.65000534057617,West
23.065000534057617,72.57499694824219,55.10833740234375,East
23.065000534057617,72.58499908447266,54.075008392333984,East
23.065000534057617,72.59500122070312,53.374996185302734,East
23.065000534057617,72.6050033569336,53.83333206176758,East
23.065000534057617,72.61499786376953,54.7833366394043,East
23.065000534057617,72.625,55.091670989990234,East
23.065000534057617,72.63500213623047,55.216670989990234,East
23.065000534057617,72.6449966430664,56.10000228881836,East
23.065000534057617,72.65499877929688,56.66666793823242,East
23.065000534057617,72.66500091552734,57.17500305175781,East
23.065000534057617,72.67500305175781,57.299991607666016,East
23.065000534057617,72.68499755859375,53.88333511352539,East
23.065000534057617,72.69499969482422,51.05000305175781,East
23.065000534057617,72.70500183105469,48.33333206176758,East
23.065000534057617,72.71499633789062,47.375,East
23.065000534057617,72.7249984741211,46.9083366394043,East
23.065000534057617,72.73500061035156,46.45000076293945,East
23.065000534057617,72.74500274658203,46.26666259765625,East
23.075000762939453,72.40499877929688,48.70000076293945,West
23.075000762939453,72.41500091552734,48.05833435058594,West
23.075000762939453,72.42500305175781,47.54999923706055,West
23.075000762939453,72.43499755859375,47.41666793823242,West
23.075000762939453,72.44499969482422,47.875,West
23.075000762939453,72.45500183105469,48.72499465942383,West
23.075000762939453,72.46499633789062,50.133331298828125,West
23.075000762939453,72.4749984741211,52.374996185302734,West
23.075000762939453,72.48500061035156,54.233333587646484,West
23.075000762939453,72.49500274658203,55.4416618347168,West
23.075000762939453,72.50499725341797,57.233333587646484,West
23.075000762939453,72.51499938964844,59.75,West
23.075000762939453,72.5250015258789,60.69166946411133,West
23.075000762939453,72.53500366210938,60.216670989990234,West
23.075000762939453,72.54499816894531,58.908329010009766,West
23.075000762939453,72.55500030517578,57.658329010009766,West
23.075000762939453,72.56500244140625,56.358333587646484,West
23.075000762939453,72.57499694824219,55.8416633605957,East
23.075000762939453,72.58499908447266,54.29999923706055,East
23.075000762939453,72.59500122070312,52.841670989990234,East
23.075000762939453,72.6050033569336,52.16667175292969,East
23.075000762939453,72.61499786376953,53.31666564941406,East
23.075000762939453,72.625,54.41666793823242,East
23.075000762939453,72.63500213623047,54.450008392333984,East
23.075000762939453,72.6449966430664,54.04999923706055,East
23.075000762939453,72.65499877929688,54.758331298828125,East
23.075000762939453,72.66500091552734,56.61666488647461,East
23.075000762939453,72.67500305175781,57.024993896484375,East
23.075000762939453,72.68499755859375,54.375,East
23.075000762939453,72.69499969482422,51.225006103515625,East
23.075000762939453,72.70500183105469,49.125,East
23.075000762939453,72.71499633789062,48.16666793823242,East
23.075000762939453,72.7249984741211,47.29999923706055,East
23.075000762939453,72.73500061035156,47.016666412353516,East
23.075000762939453,72.74500274658203,46.31666946411133,East
23.084999084472656,72.40499877929688,48.95833206176758,West
23.084999084472656,72.41500091552734,48.25833511352539,West
23.084999084472656,72.42500305175781,47.45833206176758,West
23.084999084472656,72.43499755859375,47.23333740234375,West
23.084999084472656,72.44499969482422,47.86666488647461,West
23.084999084472656,72.45500183105469,48.883331298828125,West
23.084999084472656,72.46499633789062,50.61666488647461,West
23.084999084472656,72.4749984741211,52.07499694824219,West
23.084999084472656,72.48500061035156,53.82500076293945,West
23.084999084472656,72.49500274658203,54.97500228881836,West
23.084999084472656,72.50499725341797,56.44166564941406,West
23.084999084472656,72.51499938964844,58.533329010009766,West
23.084999084472656,72.5250015258789,60.41666793823242,West
23.084999084472656,72.53500366210938,61.38333511352539,West
23.084999084472656,72.54499816894531,60.19166564941406,West
23.084999084472656,72.55500030517578,58.25833511352539,West
23.084999084472656,72.56500244140625,56.70833206176758,West
23.084999084472656,72.57499694824219,56.483333587646484,East
23.084999084472656,72.58499908447266,54.616668701171875,East
23.084999084472656,72.59500122070312,52.95000076293945,East
23.084999084472656,72.6050033569336,52.68333053588867,East
23.084999084472656,72.61499786376953,53.07500076293945,East
23.084999084472656,72.625,53.9083366394043,East
23.084999084472656,72.63500213623047,54.41666030883789,East
23.084999084472656,72.6449966430664,53.32500076293945,East
23.084999084472656,72.65499877929688,53.10000228881836,East
23.084999084472656,72.66500091552734,54.24166488647461,East
23.084999084472656,72.67500305175781,55.10833740234375,East
23.084999084472656,72.68499755859375,53.94166946411133,East
23.084999084472656,72.69499969482422,51.16666793823242,East
23.084999084472656,72.70500183105469,48.516666412353516,East
23.084999084472656,72.71499633789062,47.97500228881836,East
23.084999084472656,72.7249984741211,47.77500534057617,East
23.084999084472656,72.73500061035156,47.358333587646484,East
23.084999084472656,72.74500274658203,46.55833435058594,East
23.094999313354492,72.40499877929688,49.72500228881836,West
23.094999313354492,72.41500091552734,49.04166793823242,West
23.094999313354492,72.42500305175781,48.0333366394043,West
23.094999313354492,72.43499755859375,47.81666946411133,West
23.094999313354492,72.44499969482422,48.0916633605957,West
23.094999313354492,72.45500183105469,49.54167175292969,West
23.094999313354492,72.46499633789062,51.68333435058594,West
23.094999313354492,72.4749984741211,53.70000076293945,West
23.094999313354492,72.48500061035156,54.69166946411133,West
23.094999313354492,72.49500274658203,54.72499465942383,West
23.094999313354492,72.50499725341797,55.00833511352539,West
23.094999313354492,72.51499938964844,56.716670989990234,West
23.094999313354492,72.5250015258789,59.15000534057617,West
23.094999313354492,72.53500366210938,60.725006103515625,West
23.094999313354492,72.54499816894531,59.44999694824219,West
23.094999313354492,72.55500030517578,58.733333587646484,West
23.094999313354492,72.56500244140625,57.633331298828125,West
23.094999313354492,72.57499694824219,57.06666564941406,East
23.094999313354492,72.58499908447266,55.55833435058594,East
23.094999313354492,72.59500122070312,54.67500305175781,East
23.094999313354492,72.6050033569336,53.80833435058594,East
23.094999313354492,72.61499786376953,52.7833366394043,East
23.094999313354492,72.625,52.81666564941406,East
23.094999313354492,72.63500213623047,52.7166633605957,East
23.094999313354492,72.6449966430664,53.05833053588867,East
23.094999313354492,72.65499877929688,53.3166618347168,East
23.094999313354492,72.66500091552734,53.233333587646484,East
23.094999313354492,72.67500305175781,53.05000305175781,East
23.094999313354492,72.68499755859375,52.091670989990234,East
23.094999313354492,72.69499969482422,50.42499923706055,East
23.094999313354492,72.70500183105469,48.72500228881836,East
23.094999313354492,72.71499633789062,47.75,East
23.094999313354492,72.7249984741211,47.76666259765625,East
23.094999313354492,72.73500061035156,47.55833435058594,East
23.094999313354492,72.74500274658203,47.2833366394043,East
23.104999542236328,72.40499877929688,49.27500534057617,West
23.104999542236328,72.41500091552734,48.75833511352539,West
23.104999542236328,72.42500305175781,48.22500228881836,West
23.104999542236328,72.43499755859375,48.07500076293945,West
23.104999542236328,72.44499969482422,48.108333587646484,West
23.104999542236328,72.45500183105469,48.75,West
23.104999542236328,72.46499633789062,50.26666259765625,West
23.104999542236328,72.4749984741211,52.616668701171875,West
23.104999542236328,72.48500061035156,54.383331298828125,West
23.104999542236328,72.49500274658203,54.04166793823242,West
23.104999542236328,72.50499725341797,54.15000534057617,West
23.104999542236328,72.51499938964844,55.4083366394043,West
23.104999542236328,72.5250015258789,56.86666488647461,West
23.104999542236328,72.53500366210938,58.375003814697266,West
23.104999542236328,72.54499816894531,58.82500076293945,West
23.104999542236328,72.55500030517578,58.25833511352539,West
23.104999542236328,72.56500244140625,57.2166633605957,West
23.104999542236328,72.57499694824219,56.75,East
23.104999542236328,72.58499908447266,56.7166633605957,East
23.104999542236328,72.59500122070312,56.08333969116211,East
23.104999542236328,72.6050033569336,54.75,East
23.104999542236328,72.61499786376953,53.09999465942383,East
23.104999542236328,72.625,51.783329010009766,East
23.104999542236328,72.63500213623047,51.97500228881836,East
23.104999542236328,72.6449966430664,52.47499465942383,East
23.104999542236328,72.65499877929688,52.90000534057617,East
23.104999542236328,72.66500091552734,52.60833740234375,East
23.104999542236328,72.67500305175781,52.29166793823242,East
23.104999542236328,72.68499755859375,50.60000228881836,East
23.104999542236328,72.69499969482422,49.33333206176758,East
23.104999542236328,72.70500183105469,48.475006103515625,East
23.104999542236328,72.71499633789062,47.783329010009766,East
23.104999542236328,72.7249984741211,47.716670989990234,East
23.104999542236328,72.73500061035156,47.06666564941406,East
23.104999542236328,72.74500274658203,46.758331298828125,East
23.114999771118164,72.40499877929688,47.91666793823242,West
23.114999771118164,72.41500091552734,48.05833435058594,West
23.114999771118164,72.42500305175781,48.20833206176758,West
23.114999771118164,72.43499755859375,48.399993896484375,West
23.114999771118164,72.44499969482422,48.258331298828125,West
23.114999771118164,72.45500183105469,48.475006103515625,West
23.114999771118164,72.46499633789062,49.20833969116211,West
23.114999771118164,72.4749984741211,50.47499465942383,West
23.114999771118164,72.48500061035156,51.81666946411133,West
23.114999771118164,72.49500274658203,52.50833511352539,West
23.114999771118164,72.50499725341797,53.22500228881836,West
23.114999771118164,72.51499938964844,54.241668701171875,West
23.114999771118164,72.5250015258789,55.01667404174805,West
23.114999771118164,72.53500366210938,55.908329010009766,West
23.114999771118164,72.54499816894531,56.5583381652832,West
23.114999771118164,72.55500030517578,57.00833511352539,West
23.114999771118164,72.56500244140625,56.2166633605957,West
23.114999771118164,72.57499694824219,55.16666793823242,East
23.114999771118164,72.58499908447266,55.43333435058594,East
23.114999771118164,72.59500122070312,55.19999694824219,East
23.114999771118164,72.6050033569336,54.07499694824219,East
23.114999771118164,72.61499786376953,52.31666946411133,East
23.114999771118164,72.625,51.29166793823242,East
23.114999771118164,72.63500213623047,51.258331298828125,East
23.114999771118164,72.6449966430664,51.841670989990234,East
23.114999771118164,72.65499877929688,50.79166793823242,East
23.114999771118164,72.66500091552734,49.94166564941406,East
23.114999771118164,72.67500305175781,49.59999465942383,East
23.114999771118164,72.68499755859375,49.48332595825195,East
23.114999771118164,72.69499969482422,48.83333206176758,East
23.114999771118164,72.70500183105469,48.4666633605957,East
23.114999771118164,72.71499633789062,47.82499694824219,East
23.114999771118164,72.7249984741211,47.68333435058594,East
23.114999771118164,72.73500061035156,47.016666412353516,East
23.114999771118164,72.74500274658203,46.01667404174805,East
23.125,72.40499877929688,47.05000305175781,West
23.125,72.41500091552734,47.533329010009766,West
23.125,72.42500305175781,48.32499694824219,West
23.125,72.43499755859375,48.60000228881836,West
23.125,72.44499969482422,48.80833435058594,West
23.125,72.45500183105469,48.72500228881836,West
23.125,72.46499633789062,49.250003814697266,West
23.125,72.4749984741211,49.72500228881836,West
23.125,72.48500061035156,50.25,West
23.125,72.49500274658203,50.8083381652832,West
23.125,72.50499725341797,51.2833366394043,West
23.125,72.51499938964844,51.94166564941406,West
23.125,72.5250015258789,52.61666488647461,West
23.125,72.53500366210938,52.70833206176758,West
23.125,72.54499816894531,52.80833053588867,West
23.125,72.55500030517578,53.649993896484375,West
23.125,72.56500244140625,54.04166793823242,West
23.125,72.57499694824219,53.20833206176758,East
23.125,72.58499908447266,52.70000076293945,East
23.125,72.59500122070312,52.07499694824219,East
23.125,72.6050033569336,51.42500305175781,East
23.125,72.61499786376953,49.6583366394043,East
23.125,72.625,49.125,East
23.125,72.63500213623047,49.19166564941406,East
23.125,72.6449966430664,49.241668701171875,East
23.125,72.65499877929688,48.533329010009766,East
23.125,72.66500091552734,47.30833435058594,East
23.125,72.67500305175781,46.8416633605957,East
23.125,72.68499755859375,47.283329010009766,East
23.125,72.69499969482422,47.66666793823242,East
23.125,72.70500183105469,47.725006103515625,East
23.125,72.71499633789062,47.05833053588867,East
23.125,72.7249984741211,46.0333366394043,East
23.125,72.73500061035156,45.891666412353516,East
23.125,72.74500274658203,44.80833435058594,East
23.135000228881836,72.40499877929688,48.42499923706055,West
23.135000228881836,72.41500091552734,48.39999771118164,West
23.135000228881836,72.42500305175781,48.76666259765625,West
23.135000228881836,72.43499755859375,49.24166488647461,West
23.135000228881836,72.44499969482422,49.30833053588867,West
23.135000228881836,72.45500183105469,49.29166793823242,West
23.135000228881836,72.46499633789062,49.52499771118164,West
23.135000228881836,72.4749984741211,49.358333587646484,West
23.135000228881836,72.48500061035156,49.341670989990234,West
23.135000228881836,72.49500274658203,49.7833366394043,West
23.135000228881836,72.50499725341797,50.08333206176758,West
23.135000228881836,72.51499938964844,50.29166793823242,West
23.135000228881836,72.5250015258789,50.55000305175781,West
23.135000228881836,72.53500366210938,50.766666412353516,West
23.135000228881836,72.54499816894531,50.55833435058594,West
23.135000228881836,72.55500030517578,51.008331298828125,West
23.135000228881836,72.56500244140625,51.06666564941406,West
23.135000228881836,72.57499694824219,50.58333969116211,East
23.135000228881836,72.58499908447266,49.658329010009766,East
23.135000228881836,72.59500122070312,48.32500076293945,East
23.135000228881836,72.6050033569336,47.0916633605957,East
23.135000228881836,72.61499786376953,46.90000534057617,East
23.135000228881836,72.625,46.93333435058594,East
23.135000228881836,72.63500213623047,46.875,East
23.135000228881836,72.6449966430664,47.466670989990234,East
23.135000228881836,72.65499877929688,47.24166488647461,East
23.135000228881836,72.66500091552734,46.34999465942383,East
23.135000228881836,72.67500305175781,46.1916618347168,East
23.135000228881836,72.68499755859375,46.50833511352539,East
23.135000228881836,72.69499969482422,47.14166259765625,East
23.135000228881836,72.70500183105469,47.124996185302734,East
23.135000228881836,72.71499633789062,46.18333435058594,East
23.135000228881836,72.7249984741211,44.55833435058594,East
23.135000228881836,72.73500061035156,44.266666412353516,East
23.135000228881836,72.74500274658203,43.908329010009766,East
23.145000457763672,72.40499877929688,49.25833511352539,West
23.145000457763672,72.41500091552734,49.516666412353516,West
23.145000457763672,72.42500305175781,49.43333435058594,West
23.145000457763672,72.43499755859375,50.06666564941406,West
23.145000457763672,72.44499969482422,50.02499771118164,West
23.145000457763672,72.45500183105469,50.07500076293945,West
23.145000457763672,72.46499633789062,49.58333206176758,West
23.145000457763672,72.4749984741211,49.274993896484375,West
23.145000457763672,72.48500061035156,48.82500076293945,West
23.145000457763672,72.49500274658203,48.68333435058594,West
23.145000457763672,72.50499725341797,48.69166564941406,West
23.145000457763672,72.51499938964844,48.89999771118164,West
23.145000457763672,72.5250015258789,49.29166030883789,West
23.145000457763672,72.53500366210938,49.45832824707031,West
23.145000457763672,72.54499816894531,49.68333435058594,West
23.145000457763672,72.55500030517578,49.32499694824219,West
23.145000457763672,72.56500244140625,49.04166793823242,West
23.145000457763672,72.57499694824219,48.841670989990234,East
23.145000457763672,72.58499908447266,48.14999771118164,East
23.145000457763672,72.59500122070312,47.44166564941406,East
23.145000457763672,72.6050033569336,46.149993896484375,East
23.145000457763672,72.61499786376953,46.5,East
23.145000457763672,72.625,46.72499465942383,East
23.145000457763672,72.63500213623047,46.908329010009766,East
23.145000457763672,72.6449966430664,47.30000305175781,East
23.145000457763672,72.65499877929688,47.59999465942383,East
23.145000457763672,72.66500091552734,47.69999694824219,East
23.145000457763672,72.67500305175781,47.758331298828125,East
23.145000457763672,72.68499755859375,47.483333587646484,East
23.145000457763672,72.69499969482422,47.36666488647461,East
23.145000457763672,72.70500183105469,47.00834274291992,East
23.145000457763672,72.71499633789062,45.858333587646484,East
23.145000457763672,72.7249984741211,44.68333053588867,East
23.145000457763672,72.73500061035156,43.70833206176758,East
23.145000457763672,72.74500274658203,43.31666564941406,East
